"region_iso3c","production","lulucf"
"EAS",14658.77,434.680000000002
"ECS",6045.24,-900.65
"LCN",1627.99,775.51
"MEA",2544.05,-4.78999999999994
"NAC",5397.93,-196.46
"SAS",2784.08,-1.84999999999998
"SSF",823.77,1254.01
